Street address,Town,Zip,County,State
725 Bantam Road,Bantam,06750,Litchfield,CT
1406 State Street,Bpt,06605,Fairfield,CT
759 Capitol Ave,BRIDGEPORTR,06606,Fairfield,CT
260 VALLEY AVE,Bridgeprot,06606,Fairfield,CT
13 Essex Industrial Park,Centerbrook,06409,Middlesex,CT
4 Center Street,Collinsville,06022,Hartford,CT
174 Cranberry Bog Road,Danielson,06239-3311,Windham,CT
301 Commerce Drive,Fairfeld,06825,Fairfield,CT
14 Lenor Drive,Harwington,06791-,Litchfield,CT
23 Barnabas Rd,Hawleyville,06440,Fairfield,CT
56 Sterling Rd,Moosup,06354,Windham,CT
175 MAIN STREET,Rockfall,06481,Middlesex,CT
14 Morningside Drive,West Granby,06090,Hartford,CT
46 niagra st,Wtby,06705,New Haven,CT
329 Main Street Unit 210,Yalesville,06492,New Haven,CT
